Sample,position,mutation_type
RS1_1.10_CTX_0_9,8921,IS1A
RS1_1.10_CTX_32_11,9051,IS1A
RS1_1.10_CTX_32_15,9051,IS1A
RS1_1.10_CTX_32_16,9051,IS1A
RS1_1.10_CTX_32_18,9051,IS1A
RS1_1.10_CTX_32_21,9051,IS1A
RS1_1.10_CTX_32_22,9051,IS1A
RS1_1.10_CTX_32_25,9051,IS1A
RS1_1.10_CTX_32_37,9051,IS1A
RS1_1.10_CTX_32_41,9051,IS1A
RS1_1.10_CTX_32_44,9051,IS1A
RS1_1.10_CTX_32_48,9051,IS1A
RS1_1.10_CTX_320_3,9051,IS1A
RS1_1.11_CTX_32_44,8840,IS1A
RS1_1.11_CTX_320_1,8618,IS1A
RS1_1.10_CTX_32_17,9051,IS1A
RS1_1.10_CTX_32_20,9047,IS1A