,Sample,Insertion,Evidence,position_merged,mutation_type_merged
1,RS2 2.4 CTX 0 4,IS10R,Plasmidsaurus amplicon,7825,IS10R
2,RS2 2.4 CTX 0 5,ISKpn25,Plasmidsaurus RCA ,8259,ISKpn25
3,RS2 2.4 CTX 0 9,IS10R,Plasmidsaurus amplicon,7857,IS10R
4,RS2 2.4 CTX 0 10,IS10R,Plasmidsaurus RCA ,7825,IS10R
5,RS2 2.4 CTX 0 12,Tn2,PCR,0,NA
6,RS2 2.4 CTX 0 16,Tn1000,PCR,0,NA
7,RS2 2.4 CTX 0 20,ISKpn25,Plasmidsaurus amplicon (ISKpn25 IRR) ,0,NA
8,RS2 2.4 CTX 0 22,Tn1000,Plasmidsaurus RCA ,0,NA
9,RS2 2.4 CTX 0 27,Tn1000,PCR,0,NA
10,RS2 2.4 CTX 0 31,ISKpn25,Plasmidsaurus amplicon (ISKpn25 IRR) ,0,NA
11,RS2 2.4 CTX 0 43,ISKpn25,Plasmidsaurus amplicon (ISKpn25 IRR) ,0,NA
12,RS2 2.4 CTX 32 1,Tn1000,Plasmidsaurus RCA ,7718,Tn1000
13,RS2 2.4 CTX 32 3,Tn1000,Plasmidsaurus plasmid ,0,NA
14,RS2 2.4 CTX 32 9,IS10R,Plasmidsaurus amplicon,7827,IS10R
15,RS2 2.4 CTX 32 11,IS10R,Plasmidsaurus RCA ,7850,IS10R
16,RS2 2.4 CTX 32 12,Tn1000,Plasmidsaurus RCA ,7903,Tn1000
17,RS2 2.4 CTX 32 28,ISKpn25,Plasmidsaurus amplicon (ISKpn25 IRR) ,8276,ISKpn25
18,RS2 2.4 CTX 32 30,Tn1000,Plasmidsaurus plasmid ,7903,Tn1000
19,RS2 2.4 CTX 32 38,No insertion,NA,0,NA
20,RS2 2.4 CTX 320 1,Tn1000,PCR,0,NA
21,RS2 2.4 CTX 320 4,ISKpn25,Plasmidsaurus amplicon (ISKpn25 IRR) ,0,NA
22,RS2 2.4 CTX 320 6,ISKpn25,Plasmidsaurus RCA,8329,ISKpn25
23,RS2 2.4 CTX 320 13,ISKpn25,Plasmidsaurus RCA,8329,ISKpn25
24,RS2 2.4 CTX 320 14,ISKpn25,Plasmidsaurus RCA,0,NA
25,RS2 2.4 CTX 320 17,ISKpn25,Plasmidsaurus RCA,8329,ISKpn25
26,RS2 2.4 CTX 320 18,ISKpn25,Plasmidsaurus RCA,8266,ISKpn25
27,RS2 2.4 CTX 320 19,Tn1000,Plasmidsaurus RCA,8273,Tn1000
28,RS2 2.4 CTX 320 20,ISKpn25,Plasmidsaurus amplicon (ISKpn25 IRR) ,0,NA
29,RS2 2.4 CTX 320 21,ISKpn25,Plasmidsaurus RCA,8329,ISKpn25
30,RS2 2.4 CTX 320 29,Tn2,PCR,0,NA
31,RS2 2.4 CTX 320 32,ISKpn25,Plasmidsaurus RCA,8329,ISKpn25
32,RS2 2.4 CTX 320 42,ISKpn25,Plasmidsaurus RCA,8329,ISKpn25
33,RS2 2.4 CTX 320 44,IS10R,Plasmidsaurus amplicon,7825,IS10R
34,RS2 2.4 CTX 320 46,ISKpn25,Plasmidsaurus RCA,8267,ISKpn25
35,RS2 2.4 CTX 320 48,ISKpn25,Plasmidsaurus amplicon (ISKpn25 IRR) ,8320,ISKpn25
36,RS2 2.4 CTX 3200 2,ISKpn25,Plasmidsaurus plasmid ,8262,ISKpn25
37,RS2 2.4 CTX 3200 4,ISKpn25,PCR,0,NA
38,RS2 2.4 CTX 3200 5,IS10R,Plasmidsaurus amplicon,7827,IS10R
39,RS2 2.4 CTX 3200 10,ISKpn25,Plasmidsaurus RCA,8134,ISKpn25
40,RS2 2.4 CTX 3200 12,ISKpn25,Plasmidsaurus RCA,8270,ISKpn25
41,RS2 2.4 CTX 3200 14,ISKpn25,Plasmidsaurus RCA,8266,ISKpn25
42,RS2 2.4 CTX 3200 16,ISKpn25,Plasmidsaurus RCA,8270,ISKpn25
43,RS2 2.4 CTX 3200 19,Tn1000,Plasmidsaurus RCA,8167,Tn1000
44,RS2 2.4 CTX 3200 21,ISKpn25,Plasmidsaurus RCA,8266,ISKpn25
45,RS2 2.4 CTX 3200 22,ISKpn25,Plasmidsaurus RCA,8134,ISKpn25
46,RS2 2.4 CTX 3200 24,ISKpn25,Plasmidsaurus plasmid   + PS virtual gel,8329,ISKpn25
47,RS2 2.4 CTX 3200 26,ISKpn25,Plasmidsaurus RCA,8329,ISKpn25
48,RS2 2.4 CTX 3200 28,ISKpn25,Plasmidsaurus RCA,8262,ISKpn25
49,RS2 2.4 CTX 3200 31,ISKpn25,Plasmidsaurus RCA,8259,ISKpn25
50,RS2 2.4 CTX 3200 32,ISKpn25,Plasmidsaurus RCA,8134,ISKpn25
51,RS2 2.4 CTX 3200 33,IS10R,Plasmidsaurus RCA,7825,IS10R
52,RS2 2.4 CTX 3200 35,ISKpn25,Plasmidsaurus plasmid   + PS virtual gel,8259,ISKpn25
53,RS2 2.4 CTX 3200 37,ISKpn25,Plasmidsaurus amplicon (ISKpn25 IRR) ,0,NA
54,RS2 2.4 CTX 3200 40,ISKpn25,Plasmidsaurus amplicon (ISKpn25 IRR) ,0,NA
55,RS2 2.4 CTX 3200 41,ISKpn25,Plasmidsaurus RCA,8259,ISKpn25
56,RS2 2.4 CTX 3200 45,ISKpn25,Plasmidsaurus amplicon (ISKpn25 IRR) ,0,NA
57,RS2 2.4 CTX 3200 46,ISKpn25,Plasmidsaurus RCA,8270,ISKpn25
58,RS2 2.4 CTX 3200 48,IS10R,Plasmidsaurus amplicon,7825,IS10R
59,RS2 2.5 CTX 0 3,Tn2,PCR,0,NA
60,RS2 2.5 CTX 0 5,Tn2,PCR,0,NA
61,RS2 2.5 CTX 0 6,Tn2,PCR,0,NA
62,RS2 2.5 CTX 0 10,ISKpn25,Plasmidsaurus amplicon,8427,ISKpn25
63,RS2 2.5 CTX 0 17,Tn2,PCR,0,NA
64,RS2 2.5 CTX 0 20,Tn2,PCR,0,NA
65,RS2 2.5 CTX 0 21,IS10R,Plasmidsaurus plasmid + virtual gel,7857,IS10R
66,RS2 2.5 CTX 0 38,Tn2,Plasmidsaurus RCA,8637,Tn2
67,RS2 2.5 CTX 32 17,Tn2,PCR,0,NA
68,RS2 2.5 CTX 32 38,Tn2,Plasmidsaurus plasmid,8623,Tn2
69,RS2 2.5 CTX 32 40,Tn2,Plasmidsaurus plasmid,8242,Tn2
70,RS2 2.5 CTX 320 5,Tn2,PCR,0,NA
71,RS2 2.5 CTX 320 6,Tn2,Plasmidsaurus plasmid,8523,Tn2
72,RS2 2.5 CTX 320 8,Tn2,PCR,0,NA
73,RS2 2.5 CTX 320 10,Tn2,PCR,0,NA
74,RS2 2.5 CTX 320 11,Tn2,PCR,0,NA
75,RS2 2.5 CTX 320 14,Tn2,PCR,0,NA
76,RS2 2.5 CTX 320 33,Tn2,Plasmidsaurus plasmid,8426,Tn2
77,RS2 2.5 CTX 320 35,Tn2,Plasmidsaurus plasmid,8673,Tn2
78,RS2 2.5 CTX 320 36,Tn2,Plasmidsaurus RCA ,8426,Tn2
79,RS2 2.5 CTX 320 41,Tn2,PCR,0,NA
80,RS2 2.5 CTX 320 42,Tn2,PCR,0,NA
81,RS2 2.5 CTX 320 43,Tn2,Plasmidsaurus RCA ,0,NA
82,RS2 2.5 CTX 320 44,Tn2,Plasmidsaurus plasmid,8425,Tn2
83,RS2 2.5 CTX 320 47,Tn2,PCR,0,NA
84,RS2 2.5 CTX 3200 1,IS10R,PCR + PS virtual gel ,0,NA
85,RS2 2.5 CTX 3200 17,Tn2,Plasmidsaurus RCA,8428,Tn2
86,RS2 2.5 CTX 3200 22,Tn2,PCR,0,NA
87,RS2 2.5 CTX 3200 27,Tn2,PCR,0,NA
88,RS2 2.5 CTX 3200 40,Tn2,PCR,0,NA
89,RS2 2.5 CTX 3200 41,Tn2,Plasmidsaurus plasmid,8420,Tn2
90,RS2 2.5 CTX 3200 43,Tn2,Plasmidsaurus plasmid,8314,Tn2
91,RS2 2.5 CTX 3200 44,Tn2,PCR,0,NA
92,RS2 2.5 CTX 3200 45,Tn2,Plasmidsaurus virtual gel,0,NA
93,RS2 2.5 CTX 3200 46,Tn2,Plasmidsaurus RCA,8623,Tn2
94,RS2 2.5 CTX 3200 47,Tn2,PCR,0,NA
95,RS2 2.6 CTX 32 5,IS10R,PCR,0,NA
96,RS2 2.6 CTX 32 21,Tn2,Plasmidsaurus RCA,8426,Tn2
97,RS2 2.6 CTX 32 25,IS1A,Plasmidsaurus plasmid PS virtual gel,8044,IS1A
98,RS2 2.6 CTX 32 28,Tn2,Plasmidsaurus RCA,8314,Tn2
99,RS2 2.6 CTX 320 33,Tn2,Plasmidsaurus RCA,8572,Tn2
100,RS2 2.6 CTX 320 34,ISKpn25,Plasmidsaurus amplicon (ISKpn25 IRR) ,0,NA
101,RS2 2.6 CTX 3200 4,Tn2,PCR,0,NA
102,RS2 2.6 CTX 3200 7,Tn2,Plasmidsaurus RCA,8058,Tn2
103,RS2 2.6 CTX 3200 11,Tn2,Plasmidsaurus plasmid,8351,Tn2
104,RS2 2.6 CTX 3200 20,Tn2,Plasmidsaurus plasmid,8623,Tn2
105,RS2 2.6 CTX 3200 21,Tn2,Plasmidsaurus RCA,8426,Tn2
106,RS2 2.6 CTX 3200 43,IS1A,Plasmidsaurus RCA + PCR,8149,IS1A